,Country,Health.expenditures....of.GDP.,Literacy....,Physicians.density..physicians.1.000.population.,Obesity - adult prevalence rate (%),Life expectancy at birth (years),H_bed_density,Imigrate_Rate,Pop_Density,Death Rate,Recovery Rate,GDP - per capita (PPP) (US$),Unemployment rate (%)
0,Afghanistan,10.2,6.180614856144977,0.28,5.5,52.1,0.5,-0.6,4.007333185232471,0.03221288515406162,0.056022408963585436,2000.0,23.9
1,Albania,6.7,9.879271228182775,1.2,21.7,78.6,2.9,-3.3,4.672828834461906,0.05052631578947368,0.5221052631578947,12500.0,13.8
2,Algeria,6.6,8.955445270895245,1.83,27.4,77.2,1.9,-0.9,2.8903717578961645,0.157487922705314,0.3338164251207729,15200.0,11.7
3,Andorra,10.4,10.0,3.33,25.6,82.9,2.5,0.0,5.214935757608986,0.04704097116843703,0.19423368740515934,49900.0,3.7
4,Angola,2.9,8.432081593533118,0.21,8.2,60.6,,0.1,3.2188758248682006,0.10526315789473684,0.2631578947368421,6800.0,6.6
5,Anguilla,,0.0,,,81.6,,11.5,5.2574953720277815,0.0,0.3333333333333333,12200.0,8.0
6,Antigua and Barbuda,4.3,9.9498743710662,2.76,18.9,76.9,3.8,2.1,5.384495062789089,0.08695652173913042,0.13043478260869565,26400.0,11.0
7,Argentina,7.5,9.954898291795853,3.96,28.3,77.5,5.0,-0.1,2.833213344056216,0.04297994269340974,0.22881702824396236,20900.0,8.4
8,Armenia,9.9,9.984988733093292,2.9,20.2,75.1,4.2,-5.6,4.634728988229636,0.014995313964386131,0.2483598875351453,9500.0,18.9
9,Aruba,,9.874208829065749,,,77.1,,8.6,6.47543271670409,0.0,0.3478260869565217,37500.0,7.7
10,Australia,9.3,0.0,3.59,29.0,82.4,3.8,5.4,1.3862943611198906,0.009507481296758104,0.560785536159601,50400.0,5.6
11,Austria,10.4,0.0,5.14,20.1,81.7,7.6,4.4,4.663439094112067,0.02699283002952341,0.5365527906649796,50000.0,5.5
12,Azerbaijan,6.9,9.989994994993742,3.45,19.9,73.0,4.7,0.0,4.762173934797756,0.01086048454469507,0.2932330827067669,17500.0,5.0
13,Bahamas,6.4,0.0,1.94,31.6,72.9,,,5.91558351079193,0.16326530612244894,0.12244897959183673,32400.0,10.1
14,Bahrain,4.9,9.78263768111648,0.93,29.8,79.1,2.0,11.6,7.549082710812286,0.004581151832460733,0.4221204188481675,49000.0,3.6
15,Bangladesh,2.4,8.538149682454625,0.53,3.6,73.7,0.8,-3.0,6.980075940561763,0.045454545454545456,0.04150197628458498,4200.0,4.4
16,Barbados,7.0,9.979979959899719,2.49,23.1,75.7,5.8,-0.3,6.52649485957079,0.0684931506849315,0.2054794520547945,18600.0,10.1
17,Belarus,6.3,9.984988733093292,4.08,24.5,73.2,11.0,0.7,3.8501476017100584,0.010057909174032308,0.061871380676622977,18900.0,0.8
18,Belgium,10.0,0.0,3.32,22.1,81.2,6.2,5.2,5.940171252720432,0.1335839840611845,0.22070117934380928,46600.0,7.1
19,Belize,6.1,0.0,1.13,24.1,74.7,1.3,-0.6,2.8903717578961645,0.1111111111111111,0.0,8300.0,9.0
20,Benin,3.9,6.196773353931867,0.16,9.6,62.7,0.5,0.0,4.624972813284271,0.028571428571428567,0.5142857142857142,2300.0,1.0
21,Bermuda,,0.0,,,81.5,,1.7,7.1846291527173145,0.08771929824561403,0.5263157894736842,99400.0,7.0
22,Bhutan,3.5,8.056053624449133,0.37,6.4,71.1,1.7,0.0,3.044522437723423,0.0,0.4,9000.0,3.2
23,Bolivia,6.9,9.617692030835672,1.61,20.2,69.8,1.1,-0.4,2.3978952727983707,0.07052896725440806,0.017632241813602016,7600.0,4.0
24,Bosnia and Herzegovina,9.2,9.924716620639604,1.89,17.9,77.1,3.5,-0.4,4.330733340286331,0.03693444136657433,0.21791320406278852,12800.0,20.5
25,Brazil,11.8,9.591663046625438,2.15,22.1,74.3,2.2,-0.1,3.258096538021482,0.06042672480921975,0.5460987385142502,15600.0,12.8
26,British Virgin Islands,,0.0,,,78.9,,16.1,5.472270673671475,0.0,0.6666666666666666,34200.0,2.9
27,Brunei,2.3,9.797958971132712,1.77,14.1,77.5,2.7,2.3,4.3694478524670215,0.007352941176470587,0.7867647058823529,78900.0,6.9
28,Bulgaria,8.2,9.919677414109795,3.99,25.0,74.8,6.8,-0.3,4.174387269895637,0.049088359046283316,0.11360448807854134,21800.0,6.2
29,Burkina Faso,6.8,6.0,0.06,5.6,61.8,0.4,-0.7,4.290459441148391,0.05681818181818181,0.3352272727272727,1900.0,77.0
30,CAR,,0.0,,7.5,53.3,,,5.91558351079193,0.0,0.3636363636363637,0.0,0.0
31,Cabo Verde,5.2,9.316651759081692,0.77,11.8,72.7,,,5.91558351079193,0.09090909090909093,0.09090909090909093,7000.0,9.0
32,Cambodia,6.1,8.972179222463181,0.17,3.9,65.2,0.8,-0.3,4.5217885770490405,0.0,0.7868852459016393,4000.0,0.3
33,Cameroon,4.7,8.660254037844387,0.09,11.4,59.4,1.3,-0.1,4.007333185232471,0.01650943396226415,0.15330188679245282,3700.0,4.3
34,Canada,10.5,0.0,2.61,29.4,82.0,2.7,5.7,1.6094379124341003,0.0333665890699479,0.304289990023279,48400.0,6.3
35,Cayman Islands,,9.944847912361455,,,81.4,,13.6,5.424950017481403,0.018518518518518517,0.1111111111111111,43800.0,4.0
36,Chad,4.5,4.722287581247038,0.05,6.1,57.5,,-0.1,2.5649493574615367,0.0,0.08695652173913042,2300.0,0.0
37,Channel Islands,,0.0,,,,,,5.91558351079193,0.029545454545454545,0.10909090909090907,0.0,0.0
38,Chile,8.5,9.843779761859771,1.08,28.0,79.1,2.2,0.3,3.2188758248682006,0.011620563344701277,0.3342175066312997,24600.0,6.7
39,China,5.0,9.818350166906862,1.79,6.2,75.8,4.2,-0.4,4.976733742420574,0.040610000607570335,0.9455738501731576,16700.0,3.9
40,Colombia,5.9,9.731392500562292,2.08,22.3,76.2,1.5,-0.6,3.7612001156935624,0.042631755622692176,0.1188318227593152,14400.0,9.3
41,Congo,4.6,8.905054744357274,0.12,9.6,60.3,,,5.91558351079193,0.06756756756756757,0.13513513513513514,6800.0,36.0
42,Costa Rica,7.6,9.889388252060893,1.15,25.7,78.9,1.1,0.8,4.59511985013459,0.0048543689320388345,0.10679611650485436,16900.0,8.1
43,Croatia,7.2,9.964938534682489,3.13,24.4,76.3,5.6,-1.4,4.330733340286331,0.0181924882629108,0.24354460093896715,24700.0,12.4
44,Cuba,12.2,9.989994994993742,8.19,24.6,78.9,5.2,-4.5,4.61512051684126,0.02741514360313316,0.17232375979112272,12300.0,2.6
45,Cyprus,,0.0,,,,,,5.91558351079193,0.017266187050359712,0.09352517985611512,0.0,0.0
46,Czechia,,0.0,,26.0,78.9,,,5.91558351079193,0.026345933562428408,0.10505645557191948,0.0,0.0
47,DRC,3.9,8.774964387392123,0.09,6.7,58.1,,,5.91558351079193,0.08298755186721991,0.08298755186721991,800.0,0.0
48,Denmark,10.4,0.0,4.46,19.7,81.0,2.5,4.3,4.912654885736052,0.04592228536323145,0.3862693902626325,50100.0,5.7
49,Diamond Princess,,0.0,,,,,,5.91558351079193,0.016853932584269662,0.8974719101123596,0.0,0.0
50,Djibouti,3.5,0.0,0.22,13.5,64.0,1.4,5.5,3.6635616461296463,0.005509641873278237,0.14600550964187328,3600.0,40.0
51,Dominica,5.3,0.0,1.08,27.9,77.4,3.8,-5.4,4.605170185988092,0.0,0.5,11000.0,23.0
52,Dominican Republic,6.2,9.6850400102426,1.56,27.6,71.3,1.6,-2.6,5.3612921657094255,0.055690809494826535,0.049300060864272674,17000.0,5.1
53,Ecuador,8.4,9.715966241192895,2.05,19.9,77.1,1.5,0.0,4.07753744390572,0.04853347362883072,0.09154281204787584,11500.0,4.6
54,Egypt,4.6,8.988882021697693,0.79,32.0,73.2,1.6,-0.4,4.605170185988092,0.07574468085106383,0.25063829787234043,12700.0,12.2
55,El Salvador,7.0,9.386160024205852,1.57,24.6,75.1,1.3,-7.8,5.68697535633982,0.040268456375838924,0.16778523489932887,8000.0,7.0
56,Equatorial Guinea,3.4,9.762171889492624,0.4,8.0,65.0,2.1,0.0,3.367295829986474,0.0,0.0975609756097561,37400.0,8.6
57,Eritrea,3.0,8.590692637965812,,5.0,65.6,0.7,-13.1,3.9512437185814275,0.0,0.0,1600.0,5.8
58,Estonia,6.7,9.989994994993742,3.47,21.2,77.0,5.0,-3.1,3.367295829986474,0.022578295702840496,0.08375819373634377,31700.0,5.8
59,Eswatini,,0.0,,,,,,5.91558351079193,0.0,0.5333333333333333,0.0,0.0
60,Ethiopia,4.0,7.00713921654194,0.1,4.5,,0.3,-0.2,4.59511985013459,0.03658536585365853,0.17073170731707318,2200.0,17.5
61,Faeroe Islands,,0.0,2.62,,80.6,,,5.91558351079193,0.0,0.8858695652173914,40000.0,2.2
62,Fiji,3.6,0.0,0.84,30.2,73.2,2.3,-6.4,3.9512437185814275,0.0,0.0,9800.0,4.5
63,Finland,9.4,0.0,3.81,22.2,81.1,4.4,2.8,2.833213344056216,0.02024675735526732,0.09490667510281556,44500.0,8.5
64,France,11.1,0.0,3.23,21.6,82.0,6.5,1.1,4.663439094112067,0.10976043767401937,0.20100765510840665,44100.0,9.4
65,French Guiana,,0.0,,,,,,5.91558351079193,0.0,0.5930232558139535,0.0,0.0
66,French Polynesia,,0.0,2.13,,77.5,,-0.8,4.2626798770413155,0.0,0.0,17000.0,21.8
67,Gabon,2.7,9.121403400793104,0.36,15.0,68.0,6.3,7.0,2.1972245773362196,0.017543859649122806,0.017543859649122806,18100.0,28.0
68,Gambia,6.7,7.44983221287567,0.11,10.3,65.4,,,5.91558351079193,0.1111111111111111,0.2222222222222222,2600.0,0.0
69,Georgia,7.9,9.989994994993742,5.1,21.7,76.6,2.6,-1.1,4.060443010546419,0.01,0.23,10700.0,11.8
70,Germany,11.2,0.0,4.21,22.3,80.9,8.3,1.5,5.420534999272286,0.026435216700703427,0.5158460025716662,50800.0,3.8
71,Ghana,5.9,8.752142594816426,0.18,10.9,67.4,0.9,-1.7,4.77912349311153,0.012578616352201259,0.026729559748427674,4700.0,11.9
72,Gibraltar,,0.0,,,79.7,,-3.3,8.41913925094085,0.0,0.7209302325581395,61700.0,1.0
73,Greece,8.4,9.884331034521255,4.59,24.9,80.8,4.3,2.3,4.418840607796598,0.04654377880184332,0.123963133640553,27800.0,21.5
74,Greenland,,10.0,1.87,,72.9,8.2,-6.0,0.0,0.0,1.0,41800.0,9.1
75,Grenada,5.0,9.929753269845127,1.45,21.3,74.8,3.7,-2.8,5.7899601708972535,0.0,0.0,15100.0,24.0
76,Guadeloupe,,0.0,,,,,,5.91558351079193,0.05517241379310345,0.4620689655172414,0.0,0.0
77,Guatemala,5.7,9.027735042633894,0.36,21.2,71.8,0.6,-2.4,5.030437921392435,0.027777777777777776,0.10555555555555557,8200.0,2.3
78,Guinea,4.5,5.513619500836088,0.08,7.7,62.1,0.3,0.0,3.8918202981106265,0.0,0.08539944903581267,2200.0,2.7
79,Guinea-Bissau,6.9,7.739509028355739,0.2,9.5,61.4,1.0,-4.0,3.9512437185814275,0.0,0.0,1900.0,0.0
80,Guyana,4.5,9.40744386111339,0.8,20.2,68.9,1.6,-3.2,1.3862943611198906,0.1276595744680851,0.1702127659574468,8100.0,11.1
81,Haiti,6.9,7.791020472312982,0.23,22.7,64.6,0.7,-2.0,5.966146739123692,0.075,0.0,1800.0,40.6
82,Honduras,7.6,9.433981132056603,0.31,21.4,71.3,0.7,-1.1,4.418840607796598,0.07398568019093077,0.016706443914081142,5600.0,5.6
83,Hong Kong,,0.0,1.96,,83.1,5.4,1.7,8.781248333236862,0.003948667324777886,0.4284304047384008,61500.0,3.1
84,Hungary,7.2,9.954898291795853,3.23,26.4,76.3,7.0,1.3,4.672828834461906,0.08068783068783067,0.08068783068783067,29600.0,4.2
85,Iceland,8.6,0.0,3.97,21.9,83.1,3.4,3.7,1.3862943611198906,0.004651162790697674,0.575,52200.0,2.8
86,India,3.9,8.438009243891594,0.78,3.9,69.1,0.7,0.0,5.981414211254481,0.03421258814311831,0.11830765212849308,7200.0,8.5
87,Indonesia,3.3,9.767292357659825,0.38,6.9,73.2,1.2,-1.1,4.9344739331306915,0.09485430874147552,0.08803471791692498,12400.0,5.4
88,Iran,7.6,9.246621004453464,1.14,25.8,74.2,0.2,-0.2,3.9318256327243257,0.06254256981449577,0.6427741496053527,20100.0,11.8
89,Iraq,,8.927485648266257,0.82,30.4,74.9,1.4,-1.1,4.532599493153256,0.055714285714285716,0.5471428571428572,16700.0,16.0
90,Ireland,7.8,0.0,3.09,25.3,81.0,2.8,4.0,4.290459441148391,0.035368934576182585,0.0021778900601097657,73200.0,6.7
91,Isle of Man,,0.0,,,81.4,,5.8,5.056245805348308,0.007874015748031496,0.5551181102362205,84600.0,1.1
92,Israel,7.4,9.889388252060893,3.22,26.1,82.7,3.1,2.1,5.953243334287785,0.010210858376224471,0.18221816370579447,36400.0,4.2
93,Italy,9.0,9.959919678390985,4.09,19.9,82.4,3.4,3.6,5.337538079701318,0.12965265127270936,0.2285091822165329,38200.0,11.3
94,Ivory Coast,,0.0,,,,,,5.91558351079193,0.009404388714733545,0.1786833855799373,0.0,0.0
95,Jamaica,5.9,9.418067742376884,1.32,24.7,74.5,1.7,-9.4,5.54907608489522,0.0380952380952381,0.18095238095238092,9200.0,12.2
96,Japan,10.9,0.0,2.41,4.3,85.5,13.4,0.0,5.814130531825066,0.01851616994292961,0.10818008877615726,42900.0,2.9
97,Jordan,6.9,9.767292357659825,2.34,35.5,75.0,1.4,0.0,4.770684624465665,0.017632241813602016,0.5919395465994962,9200.0,18.3
98,Kazakhstan,3.9,9.989994994993742,3.25,21.0,71.4,6.7,0.4,2.0794415416798357,0.011102299762093577,0.16098334655035687,26300.0,5.0
99,Kenya,5.2,8.831760866327848,0.2,7.1,64.6,1.4,-0.2,4.430816798843313,0.04166666666666666,0.18981481481481485,3500.0,40.0
100,Kuwait,4.0,9.797958971132712,2.58,37.9,78.3,2.0,-2.8,5.10594547390058,0.002214022140221402,0.12988929889298892,65800.0,1.1
101,Kyrgyzstan,,9.974968671630002,1.88,16.6,71.2,4.5,-5.1,3.4011973816621555,0.011627906976744186,0.16511627906976745,3700.0,7.1
102,Laos,2.8,9.20326029187483,0.5,5.3,65.0,1.5,-1.0,3.4657359027997265,0.0,0.05263157894736842,7400.0,0.7
103,Latvia,5.8,9.99499874937461,3.19,23.6,74.9,5.8,-6.0,3.4339872044851463,0.0076103500761035,0.0243531202435312,27700.0,8.7
104,Lebanon,7.4,9.690201236300513,2.27,32.0,77.9,2.9,-40.3,6.376726947898627,0.0327613104524181,0.124804992199688,19600.0,9.7
105,Liberia,15.2,6.899275324264136,0.04,9.9,63.8,0.8,-4.7,3.784189633918261,0.1016949152542373,0.06779661016949153,1300.0,2.8
106,Libya,,9.539392014169456,2.16,32.5,76.9,3.7,0.9,1.6094379124341003,0.028571428571428567,0.2571428571428571,9600.0,30.0
107,Liechtenstein,,0.0,,,82.0,,5.0,5.488937726156687,0.012658227848101266,0.6962025316455697,139100.0,2.4
108,Lithuania,6.5,9.989994994993742,4.34,26.3,75.2,7.3,-6.1,3.784189633918261,0.02710280373831776,0.09439252336448598,32400.0,7.1
109,Luxembourg,6.0,0.0,3.03,22.6,82.4,4.9,14.8,5.459585514144159,0.02026005442999697,0.15119443604475355,105100.0,5.8
110,MS Zaandam,,0.0,,,,,,5.91558351079193,0.2222222222222222,0.0,0.0,0.0
111,Macao,,0.0,,,84.6,,,5.91558351079193,0.0,0.2222222222222222,0.0,0.0
112,Madagascar,5.2,8.043631020876083,0.18,5.3,66.6,0.2,0.0,3.8066624897703196,0.0,0.21296296296296294,1600.0,1.8
113,Malaysia,4.0,9.726253132630262,1.51,15.6,75.4,1.9,-0.3,4.574710978503383,0.01644275115299779,0.4968919189893724,29100.0,3.4
114,Maldives,11.5,9.964938534682489,1.04,8.6,76.0,4.3,-12.7,7.183870715062453,0.0,0.8,19200.0,2.9
115,Mali,5.8,5.75325994545701,0.14,8.6,60.8,0.1,-3.9,2.772588722239781,0.09027777777777778,0.2361111111111111,2200.0,7.9
116,Malta,9.6,9.715966241192895,3.83,28.9,82.7,4.7,7.8,7.259819610363186,0.0076335877862595426,0.11195928753180663,41900.0,4.6
117,Martinique,,0.0,,,,,,5.91558351079193,0.05063291139240506,0.4620253164556962,0.0,0.0
118,Mauritania,4.6,7.2180329730474355,0.18,12.7,63.8,,-0.8,1.6094379124341003,0.14285714285714285,0.2857142857142857,4500.0,10.2
119,Mauritius,5.5,9.654014708917737,2.54,10.8,76.0,3.7,0.0,6.507277712385012,0.027777777777777776,0.1574074074074074,22300.0,7.1
120,Mayotte,,0.0,,,,,,5.91558351079193,0.013824884792626729,0.3179723502304148,0.0,0.0
121,Mexico,5.9,9.741663102366044,2.25,28.9,76.3,1.5,-1.8,4.174387269895637,0.07519911094647158,0.3935914058158919,19900.0,3.4
122,Moldova,10.2,9.969954864491614,3.2,18.9,71.3,5.8,-9.3,4.634728988229636,0.02068252326783868,0.06928645294725956,6700.0,4.1
123,Monaco,2.0,0.0,6.56,,89.4,13.8,6.5,9.639847474564585,0.010752688172043013,0.06451612903225806,115700.0,2.0
124,Mongolia,3.9,9.919677414109795,2.89,20.6,70.2,7.0,-0.8,1.0986122886681098,0.0,0.16666666666666666,13000.0,8.0
125,Montenegro,6.0,9.934787365615835,2.33,23.3,,4.0,-4.9,3.8066624897703196,0.01413427561837456,0.1625441696113074,17800.0,16.1
126,Montserrat,,0.0,,,74.8,,0.0,3.970291913552122,0.0,0.09090909090909093,34000.0,5.6
127,Morocco,5.5,8.276472678623424,0.73,26.1,77.3,1.1,-3.1,4.356708826689592,0.06673728813559322,0.1149364406779661,8600.0,10.2
128,Mozambique,5.4,7.483314773547883,0.07,7.2,54.1,0.7,-1.8,3.5553480614894135,0.0,0.07142857142857142,1300.0,24.5
129,Myanmar,5.1,8.694826047713663,0.86,5.8,68.6,,,5.91558351079193,0.06349206349206349,0.031746031746031744,6300.0,4.0
130,Namibia,8.9,9.049861877399014,,17.2,64.4,2.7,0.0,1.3862943611198906,0.0,0.1875,11200.0,34.0
131,Nepal,6.1,7.993747556684537,0.65,4.1,71.3,3.0,-2.5,5.313205979041787,0.0,0.0625,2700.0,3.0
132,Netherlands,10.7,0.0,3.51,20.4,81.5,4.7,1.9,6.025865973825314,0.1074072723294066,0.009117765053430104,53900.0,4.9
133,New Caledonia,,9.843779761859771,2.22,,78.0,,3.9,2.772588722239781,0.0,0.05555555555555555,31100.0,14.7
134,New Zealand,9.3,0.0,3.03,30.8,81.4,2.8,2.2,2.8903717578961645,0.006493506493506494,0.5252525252525253,39000.0,4.7
135,Nicaragua,7.8,9.09945053286186,1.01,23.7,73.7,0.9,-2.6,3.871201010907891,0.1111111111111111,0.4444444444444444,5900.0,6.4
136,Niger,7.2,4.370354676682432,0.05,5.5,56.3,,-0.5,2.833213344056216,0.02456140350877193,0.15789473684210525,1200.0,0.3
137,Nigeria,3.6,7.720103626247513,0.38,8.9,59.3,,-0.2,5.3981627015177525,0.02949061662198392,0.26541554959785524,5900.0,16.5
138,North Macedonia,6.1,9.889388252060893,2.87,22.4,75.9,,,5.91558351079193,0.048458149779735685,0.0947136563876652,14900.0,22.4
139,Norway,10.0,0.0,4.63,23.1,82.0,3.8,5.3,2.8903717578961645,0.02098746791484221,0.0048316472897478495,72100.0,4.2
140,Oman,3.8,9.803060746521975,1.97,27.0,75.9,1.6,-0.4,2.772588722239781,0.004920049200492005,0.15990159901599016,46000.0,0.0
141,Pakistan,2.7,7.60920495189872,0.98,8.6,68.4,0.6,-1.2,5.568344503761097,0.016446804865513105,0.23608017817371935,5400.0,6.0
142,Palestine,,0.0,,,,,,5.91558351079193,0.006493506493506494,0.2012987012987013,0.0,0.0
143,Panama,7.0,9.746794344808963,1.57,22.7,78.9,2.3,-0.2,3.9318256327243257,0.026580861779518745,0.02014549524342473,25400.0,6.0
144,Papua New Guinea,3.8,8.012490249604053,0.05,21.3,67.5,,0.0,2.772588722239781,0.0,0.0,3700.0,2.5
145,Paraguay,7.8,9.731392500562292,1.37,20.3,77.6,1.3,-0.1,2.8903717578961645,0.049689440993788817,0.14285714285714285,12800.0,5.7
146,Peru,5.3,9.705668446840743,1.27,19.7,74.2,1.6,-2.1,3.2188758248682006,0.022323595069397264,0.27846258371348154,13500.0,6.9
147,Philippines,4.4,9.813256340277675,1.28,6.4,69.6,1.0,-1.9,5.869296913133774,0.06413938349607505,0.056480949645797425,8400.0,5.7
148,Poland,6.3,9.989994994993742,2.4,23.1,77.9,6.5,-0.4,4.820281565605037,0.03651763399055818,0.08580949736184393,29600.0,4.9
149,Portugal,9.0,9.78263768111648,3.34,20.8,80.9,3.4,-0.2,4.727387818712341,0.03249656121045392,0.019887666208161396,30500.0,8.9
150,Qatar,3.1,9.864076236526156,2.78,35.1,79.0,1.2,11.5,5.3230099791384085,0.002042007001166861,0.1088098016336056,124100.0,8.9
151,Romania,5.0,9.939818911831342,2.26,22.5,75.6,6.3,-0.2,4.51085950651685,0.0510248582642826,0.15278383485971794,24600.0,4.9
152,Russia,5.6,9.984988733093292,4.01,23.1,71.3,8.2,1.7,2.1972245773362196,0.008056108425741636,0.08027675101886078,27900.0,5.2
153,Rwanda,7.9,8.396427811873332,0.13,5.8,64.5,,-0.5,6.139884552226255,0.0,0.3656716417910448,2100.0,2.7
154,S. Korea,7.4,0.0,2.37,4.7,82.5,11.5,2.4,6.248042874508429,0.0212444528373147,0.7191011235955056,39500.0,3.7
155,Saint Kitts and Nevis,5.6,0.0,2.52,22.9,76.2,4.8,1.2,5.318119993844216,0.0,0.0,28200.0,4.5
156,Saint Lucia,6.0,0.0,0.11,19.7,78.1,1.3,-2.2,5.598421958998375,0.0,0.7333333333333333,14400.0,20.0
157,Saint Martin,,0.0,,,,,-5.6,6.386879319362645,0.0625,0.34375,19300.0,0.0
158,San Marino,6.8,0.0,6.15,,83.4,3.8,7.2,6.318968113746434,0.0967741935483871,0.1424731182795699,59000.0,8.1
159,Saudi Arabia,5.8,9.731392500562292,2.39,35.4,75.7,2.7,4.1,2.772588722239781,0.013596572918606815,0.16558018252933507,54500.0,6.0
160,Senegal,4.0,7.20416546173115,0.07,8.8,62.5,,-1.4,4.343805421853684,0.006688963210702341,0.6120401337792643,3500.0,48.0
161,Serbia,9.4,9.939818911831342,3.13,21.5,75.9,5.7,0.0,4.5217885770490405,0.021052631578947368,0.08958566629339305,15100.0,14.1
162,Seychelles,3.4,9.581231653602787,0.95,14.0,75.2,3.6,1.0,5.342334251964811,0.0,0.0,29300.0,3.0
163,Singapore,4.3,9.848857801796104,2.31,6.1,85.5,2.4,12.7,9.028578658440741,0.003075030750307503,0.18788437884378845,94100.0,2.2
164,Sint Maarten,,0.0,,,,,,5.91558351079193,0.17307692307692307,0.09615384615384616,0.0,0.0
165,Slovakia,6.9,0.0,2.46,20.5,77.4,5.8,0.1,4.718498871295094,0.0023952095808383233,0.13532934131736524,33100.0,8.1
166,Slovenia,8.5,9.984988733093292,2.81,20.2,81.2,4.6,1.0,4.653960350157523,0.045901639344262286,0.12459016393442625,34500.0,6.6
167,Somalia,,0.0,0.02,8.3,53.2,8.7,-5.6,2.9444389791664403,0.03333333333333333,0.03333333333333333,0.0,0.0
168,South Africa,8.2,9.715966241192895,0.91,28.3,64.1,,-0.9,3.828641396489095,0.011180124223602485,0.16977225672877844,13600.0,27.5
169,Spain,9.2,9.91463564635635,4.07,23.8,81.8,3.0,7.5,4.59511985013459,0.10487762840399864,0.3878202918533839,38400.0,17.2
170,Sri Lanka,3.0,9.586448768965493,0.96,5.2,77.1,3.6,-1.3,5.84354441703136,0.030042918454935626,0.2618025751072961,12900.0,4.4
171,St. Barth,,0.0,,,,,,5.91558351079193,0.0,0.6666666666666666,0.0,0.0
172,St. Vincent Grenadines,4.2,0.0,0.66,23.7,75.8,,,5.91558351079193,0.0,0.08333333333333333,11500.0,18.8
173,Sudan,6.3,8.712060605849802,0.41,6.6,65.8,0.8,1.9,3.1780538303479458,0.15625,0.125,4300.0,19.6
174,Suriname,6.5,9.777525249264253,1.23,26.4,72.8,3.1,0.5,1.6094379124341003,0.1,0.6,14900.0,8.9
175,Sweden,11.0,0.0,5.4,20.6,82.2,2.4,5.3,3.1354942159291497,0.09025775447793796,0.03328964613368283,51200.0,6.7
176,Switzerland,12.1,0.0,4.24,19.5,82.7,4.7,4.6,5.308267697401205,0.0452652683528686,0.5282233189389266,62100.0,3.2
177,Syria,,9.2951600308978,1.22,27.8,75.2,1.5,57.0,4.653960350157523,0.06896551724137931,0.1724137931034483,2900.0,50.0
178,Taiwan,,9.924716620639604,,,80.4,,0.9,6.484635235635252,0.015267175572519085,0.3155216284987277,50500.0,3.8
179,Tanzania,6.1,8.826097665446492,0.04,8.4,63.1,0.7,-0.5,4.0943445622221,0.05660377358490566,0.1320754716981132,3200.0,10.3
180,Thailand,3.8,9.638464608017193,0.81,10.0,75.1,2.1,0.0,4.90527477843843,0.01569077688480674,0.53769613471106,17900.0,0.7
181,Timor-Leste,,0.0,,3.8,68.7,,,5.91558351079193,0.0,0.16666666666666666,0.0,0.0
182,Togo,6.6,7.981227975693966,0.05,8.4,65.8,0.7,0.0,4.976733742420574,0.03896103896103896,0.4155844155844156,1700.0,6.9
183,Trinidad and Tobago,6.0,9.9498743710662,2.67,18.6,73.4,3.0,-5.8,5.472270673671475,0.07079646017699115,0.1504424778761062,31300.0,4.9
184,Tunisia,6.7,9.044335243676011,1.27,26.9,75.9,2.2,-1.6,4.2626798770413155,0.04551539491298527,0.05756358768406961,11900.0,15.5
185,Turkey,4.1,9.808159868191384,1.76,32.1,75.3,2.7,-4.5,4.653960350157523,0.021547818340986933,0.07370490393328316,27000.0,10.9
186,Turks and Caicos,,0.0,,,,,,5.91558351079193,0.1,0.0,0.0,0.0
187,UAE,3.5,9.6850400102426,2.39,31.7,78.7,,,5.91558351079193,0.005676059193188729,0.1891344009730387,68600.0,1.6
188,UK,9.9,0.0,2.81,27.8,80.9,2.8,2.5,5.5909869805108565,0.12897212190938825,0.0,44300.0,4.4
189,USA,,0.0,2.59,36.2,80.1,2.9,3.8,3.5263605246161616,0.04243328225728973,0.0632127102815913,59800.0,4.4
190,Uganda,7.3,8.854377448471462,0.09,5.3,56.3,0.5,-0.7,5.135798437050262,0.0,0.14545454545454545,2400.0,9.4
191,Ukraine,6.1,9.989994994993742,3.01,24.1,72.4,8.8,4.6,4.30406509320417,0.029062870699881376,0.03529062870699881,8800.0,9.2
192,Uruguay,9.2,9.929753269845127,5.05,27.9,77.6,2.8,-0.9,2.995732273553991,0.016260162601626018,0.5284552845528455,22400.0,7.6
193,Uzbekistan,6.2,10.0,2.37,16.6,74.3,4.0,-2.1,4.219507705176107,0.0034334763948497852,0.08497854077253217,6900.0,5.0
194,Vatican City,,0.0,,,,,,5.91558351079193,0.0,0.25,0.0,0.0
195,Venezuela,3.2,9.85393322486001,,25.6,76.2,0.8,-1.2,3.58351893845611,0.046632124352331605,0.5751295336787565,12500.0,27.1
196,Vietnam,5.7,9.72111104761179,0.82,2.1,73.9,2.6,-0.3,5.683579767338681,0.0,0.6329588014981273,6900.0,2.2
197,Zambia,5.4,7.962411694957753,0.09,8.1,53.0,2.0,0.0,3.1354942159291497,0.04444444444444445,0.6666666666666666,4000.0,15.0
198,Zimbabwe,10.3,9.300537618869138,0.08,15.5,61.1,1.7,-7.3,3.6109179126442243,0.16666666666666666,0.05555555555555555,2300.0,11.3
